The Interview,3/1/2017,2,Comedy,"Evan Goldberg, Seth Rogen",http://www.imdb.com/title/tt2788710/
Green Room,4/1/2017,3,Crime,Jeremy Saulnier,http://www.imdb.com/title/tt4062536/
Unbroken,6/1/2017,3,Biography,Angelina Jolie,http://www.imdb.com/title/tt1809398/
The Take,6/1/2017,2,Action,James Watkins,http://www.imdb.com/title/tt2368619/
Sneakerheadz,7/1/2017,3,Documentary,"David T. Friendly, Mick Partridge",http://www.imdb.com/title/tt3240784/
The Zero Theorem,7/1/2017,3,Drama,Terry Gilliam,http://www.imdb.com/title/tt2333804/
Criminal,8/1/2017,2,Action,Ariel Vromen,http://www.imdb.com/title/tt3014866/
Supersonic,10/1/2017,3,Documentary,Mat Whitecross,http://www.imdb.com/title/tt5213534/
Gimme Danger,19/01/2017,4,Documentary,Jim Jarmusch,http://www.imdb.com/title/tt1714917/
Dennis Hopper: Uneasy Rider,20/01/2017,3,Documentary,Hermann Vaske,http://www.imdb.com/title/tt6140128/
Colors,27/01/2017,3,Crime,Dennis Hopper,http://www.imdb.com/title/tt0094894/
Traders,27/01/2017,3,Thriller,"Rachael Moriarty, Peter Murphy",http://www.imdb.com/title/tt3531578/
Jaco,30/01/2017,3,Documentary," Stephen Kijak, Paul Marchand",http://www.imdb.com/title/tt2385115/
Author: The JT LeRoy Story, 01/02/2017,3,Documentary,Jeff Feuerzeig,http://www.imdb.com/title/tt5278462/
The People vs. Larry Flynt,2/2/2017,2,Biography,Milos Forman,http://www.imdb.com/title/tt0117318/
Exodus: Gods and Kings,3/2/2017,2,Action,Ridley Scott,http://www.imdb.com/title/tt1528100/
The Lobster,4/2/2017,3,Drama,Yorgos Lanthimos,http://www.imdb.com/title/tt3464902/
Yves Saint Laurent,6/2/2017,3,Biography,Jalil Lespert,http://www.imdb.com/title/tt2707858/
Miles Ahead,9/2/2017,3,Biography,Don Cheadle,http://www.imdb.com/title/tt0790770/
Wild,9/2/2017,3,Biography,Jean-Marc Vallée,http://www.imdb.com/title/tt2305051/
I Am Your Father,10/2/2017,2,Documentary,"Toni Bestard, Marcos Cabotá",http://www.imdb.com/title/tt2949296/
David Brent: Life on the Road,14/02/2017,2,Comedy,Ricky Gervais,http://www.imdb.com/title/tt3137630/
Metallica: This Monster Lives,15/02/2017,3,Documentary,Joe Berlinger,http://www.imdb.com/title/tt4011064/
D'Ardennen,17/02/2017,3,Drama,Robin Pront,http://www.imdb.com/title/tt2586118/
Rush: Beyond the Lighted Stage,18/02/2017,4,Documentary,"Sam Dunn, Scot McFadyen",http://www.imdb.com/title/tt1545103/
Barney's Version,18/02/2017,3,Drama,Richard J. Lewis,http://www.imdb.com/title/tt1423894/
Casablancas: The Man Who Loved Women,22/02/2017,1,Documentary,Hubert Woroniecki,http://www.imdb.com/title/tt5078372/
13th,23/02/2017,4,Documentary,Ava DuVernay,http://www.imdb.com/title/tt5895028/
Suburra,24/02/2017,3,Crime,Stefano Sollima,http://www.imdb.com/title/tt4025514/
Blackhat,25/02/2017,2,Crime,Michael Mann,http://www.imdb.com/title/tt2717822/
I Don't Feel at Home in This World,2/3/2017,3,Crime,Macon Blair,http://www.imdb.com/title/tt5710514/
Whiplash,4/3/2017,4,Drama,Damien Chazelle,http://www.imdb.com/title/tt2582802/
The Water Diviner,1/1/2016,3,Drama,Russell Crowe,http://www.imdb.com/title/tt3007512/
Chinatown,1/1/2016,4,Drama,Roman Polanski,http://www.imdb.com/title/tt0071315/
Iron Man 3,2/1/2016,3,Action,Shane Black,http://www.imdb.com/title/tt1300854/
The Man in the High Castle, 14/01/2106,3,Drama,Frank Spotnitz,http://www.imdb.com/title/tt1740299/
Cobain: Montage of Heck,16/01/2016,3,Documentary,Brett Morgen,http://www.imdb.com/title/tt4229236/
The Wolf of Wall Street,20/01/2016,3,Biography,Martin Scorsese,http://www.imdb.com/title/tt0993846/
Getaway,21/01/2016,1,Action,Courtney Solomon,http://www.imdb.com/title/tt2167202/
The Wicker Man,23/01/2016,3,Horror,Robin Hardy,http://www.imdb.com/title/tt0070917/
The Guvnors,24/01/2016,1,Thriller, Gabe Turner, http://www.imdb.com/title/tt2992524/
Art and Craft, 28/01/2016,2,Documentary,"Sam Cullman, Jennifer Grausman",http://www.imdb.com/title/tt3654964/
Interstellar,29/01/2016,4,Sci-Fi,Christopher Nolan,http://www.imdb.com/title/tt0816692/
Man Up,30/01/2016,3,Comedy,Ben Palmer,http://www.imdb.com/title/tt3064298/
Gravity,31/01/2016,4,Sci-Fi,Alfonso Cuarón,http://www.imdb.com/title/tt1454468/
Once Upon a Time in America,31/01/2016,4,Crime,Sergio Leone,http://www.imdb.com/title/tt0087843/
42,3/2/2016,3,Biography, Brian Helgeland,http://www.imdb.com/title/tt0453562/
La crème de la crème,6/2/2016,2,Comedy,Kim Chapiron,http://www.imdb.com/title/tt2536428/
Black Mass,8/2/2016,3,Biography,Scott Cooper,http://www.imdb.com/title/tt1355683/
Steve Jobs,8/2/2016,3,Biography,Danny Boyle,http://www.imdb.com/title/tt2080374/
Torque,9/2/2016,2,Action,Joseph Kahn,http://www.imdb.com/title/tt0329691/
The Program,14/02/2016,3,Biography,Stephen Frears,http://www.imdb.com/title/tt3083008/
Love & Mercy,14/02/2016,3,Biography,Bill Pohlad,http://www.imdb.com/title/tt0903657/
Northmen - A Viking Saga,17/02/2016,2,Action,Claudio Fäh,http://www.imdb.com/title/tt2290553/
Mandela: Long Walk to Freedom,18/02/2016,3,Biography,Justin Chadwick,http://www.imdb.com/title/tt2304771/
Chappie,1/3/2016,3,Action,Neill Blomkamp,http://www.imdb.com/title/tt1823672/
Line of Sight,14/03/2016,4,Documentary,Benny Zenga,http://www.imdb.com/title/tt2286630/
Danny Collins,18/03/2016,3,Drama,Dan Fogelman,http://www.imdb.com/title/tt1772288/
Captain America: The Winter Soldier,18/03/2016,3,Action,"Anthony Russo, Joe Russo",http://www.imdb.com/title/tt1843866/
Pantani: The Accidental Death of a Cyclist,20/03/2016,3,Documentary,James Erskine,http://www.imdb.com/title/tt2966760/
180° South,24/03/2016,3,Documentary,Chris Malloy,http://www.imdb.com/title/tt1407927/
Janis: Little Girl Blue,25/03/2016,3,Documentary,Amy Berg,http://www.imdb.com/title/tt3707114/
Mr. Holmes,26/03/2016,3,Drama,Bill Condon,http://www.imdb.com/title/tt3168230/
Spectre,27/03/2016,3,Action,Sam Mendes,http://www.imdb.com/title/tt2379713/
The Grand Budapest Hotel,28/03/2016,4,Comedy,Wes Anderson,http://www.imdb.com/title/tt2278388/
Nieuwe helden - in het hart van de tour, 01/04/2016,4,Documentary, Dirk Jan Roeleven,http://www.imdb.com/title/tt3726324/
Deep Web,2/4/2016,2,Documentary,Alex Winter, http://www.imdb.com/title/tt3312868/
Brasilia: City of the Future,6/4/2016,3,Short,Benjamin Dickinson,http://www.imdb.com/title/tt4064910/
Are You Here,7/4/2016,1,Comedy,Matthew Weiner,http://www.imdb.com/title/tt1545754/
Deadpool,8/4/2016,4,Action,Tim Miller,http://www.imdb.com/title/tt1431045/
Casuals: The Story of the Legendary Terrace Fashion,14/04/2016,2,Documentary,Mick Kelly,http://www.imdb.com/title/tt2120743/
Plastic,15/04/2016,2,Action,Julian Gilbey,http://www.imdb.com/title/tt2556874/
Being Evel,16/04/2016,3,Documentary,Daniel Junge,http://www.imdb.com/title/tt4076756/
The Cobbler,20/04/2016,1,Comedy,Tom McCarthy,http://www.imdb.com/title/tt3203616/
Bridge of Spies,23/04/2016,4,Drama,Steven Spielberg,http://www.imdb.com/title/tt3682448/
We Are Twisted Fucking Sister!,28/04/2016,3,Documentary,Andrew Horn,http://www.imdb.com/title/tt3538328/
Special Correspondents,29/04/16,2,Comedy,Ricky Gervais,http://www.imdb.com/title/tt4181052/
Absolutely Anything,3/5/2016,2,Comedy,Terry Jones,http://www.imdb.com/title/tt1727770/
The Hooligan Factory,5/5/2016,2,Comedy,Nick Nevern,http://www.imdb.com/title/tt2360446/
Tom Petty and the Heartbreakers: Runnin' Down a Dream,7/5/2016,3,Documentary,Peter Bogdanovich,http://www.imdb.com/title/tt0965382/
The Revenant,9/5/2016,5,Adventure,Alejandro G. Iñárritu,http://www.imdb.com/title/tt1663202/
Valley Uprising,17/05/2016,4,Documentary,"Peter Mortimer, Nick Rosen",http://www.imdb.com/title/tt3784160/
We Are Your Friends,17/05/2016,2,Drama,Max Joseph, http://www.imdb.com/title/tt3787590/
Breakin L.A.,18/05/2016,3,Documentary,"Boris Castro, Karla Lemus",http://www.imdb.com/title/tt2670482/
Inspired to Ride,20/05/2016,4,Documentary,Mike Dion,http://www.imdb.com/title/tt4340740/
John Wick,21/05/2016,3,Action,"Chad Stahelski, David Leitch",http://www.imdb.com/title/tt2911666/
London Has Fallen,21/05/2016,2,Action,Babak Najafi,http://www.imdb.com/title/tt3300542/
"Ladies and Gentlemen, the Fabulous Stains",25/05/2016,2,Drama,Lou Adler,http://www.imdb.com/title/tt0082639/
London Edinburgh London,25/05/2016,3,Documentary,Will Stewart,http://www.imdb.com/title/tt5692322/
Jupiter Ascending,26/05/2016,3,Sci-Fi,The Wachowskis,http://www.imdb.com/title/tt1617661/
Eddie the Eagle,27/05/2016,3,Biography,Dexter Fletcher,http://www.imdb.com/title/tt1083452/
Hot Tub Time Machine 2,28/05/2016,2,Comedy,Steve Pink,http://www.imdb.com/title/tt2637294/
Une famille à louer,30/05/2016,2,Comedy, Jean-Pierre Améris,http://www.imdb.com/title/tt3811986/
99 Homes,1/6/2016,3,Drama,Ramin Bahrani,http://www.imdb.com/title/tt2891174/
The World's End,1/6/2016,3,Comedy,Edgar Wright,http://www.imdb.com/title/tt1213663/
Fresh Dressed,2/6/2016,2,Documentary,Sacha Jenkins,http://www.imdb.com/title/tt4209900/
The Company You Keep,3/6/2016,3,Drama,Robert Redford,http://www.imdb.com/title/tt1381404/
No Escape,7/6/2016,2,Action,John Erick Dowdle,http://www.imdb.com/title/tt1781922/
North v South,12/6/2016,2,Drama,Steven Nesbit,http://www.imdb.com/title/tt4050596/
My Friend Rockefeller,3/7/2016,1,Documentary,Steffi Kammerer,http://www.imdb.com/title/tt4465220/
Hot Rod, 05/07/2016,2,Comedy,Akiva Schaffer,http://www.imdb.com/title/tt0787475/
Boogie Nights,8/7/2016,3,Drama,Paul Thomas Anderson,http://www.imdb.com/title/tt0118749/
Race Across America,10/7/2016,2,Documentary,Leo DeHaan,http://www.imdb.com/title/tt3847766/
Bicycle,14/07/2016,3,Documentary,Michael B. Clifford,http://www.imdb.com/title/tt3779782/
A Walk in the Woods,14/07/2016,3,Biography,Ken Kwapis,http://www.imdb.com/title/tt1178665/
Jay and Silent Bob Strike Back,15/07/2016,2,Comedy,Kevin Smith, http://www.imdb.com/title/tt0261392/
Paranoia,17/07/2016,2,Thriller, Robert Luketic,http://www.imdb.com/title/tt1413495/
Mississippi Grind,21/07/2016,3,Drama,"Anna Boden, Ryan Fleck",http://www.imdb.com/title/tt2349144/
The Seven Five,24/07/2016,3,Documentary,Tiller Russell,http://www.imdb.com/title/tt4136056/
Hard Eight,26/07/2016,3,Crime,Paul Thomas Anderson,http://www.imdb.com/title/tt0119256/
X-Men: Days of Future Past,28/07/2016,3,Action, Bryan Singer,http://www.imdb.com/title/tt1877832/
The Last Witch Hunter,30/07/2016,3,Action,Breck Eisner,http://www.imdb.com/title/tt1618442/
Brand: A Second Coming,30/07/2016,2,Documentary,Ondi Timoner,http://www.imdb.com/title/tt3798628/
Sicario,31/07/2016,3,Action,Denis Villeneuve,http://gb.imdb.com/title/tt3397884/
Stranger Things,1/8/2016,4,Drama,"Matt Duffer, Ross Duffer",http://www.imdb.com/title/tt4574334/
The Kingdom of Dreams and Madness,2/8/2016,4,Documentary,Mami Sunada,http://www.imdb.com/title/tt3204392/
Whiskey Tango Foxtrot,8/8/2016,3,Biography,"Glenn Ficarra, John Requa",http://gb.imdb.com/title/tt3553442/
Batman v Superman: Dawn of Justice,8/8/2016,2,Action,Zack Snyder,http://gb.imdb.com/title/tt2975590/
Everybody Wants Some!!,8/8/2016,2,Comedy,Richard Linklater,http://www.imdb.com/title/tt2937696/
Sing Street,21/08/2016,4,Comedy,John Carney,http://gb.imdb.com/title/tt3544112/
Burnt,21/08/2016,3,Drama,John Wells,http://www.imdb.com/title/tt2503944/
Rounders,23/08/2016,2,Drama,John Dahl,http://www.imdb.com/title/tt0128442/
Creed,24/08/2016,3,Drama,Ryan Coogler,http://www.imdb.com/title/tt3076658/
I'll Sleep When I'm Dead,25/08/2016,3,Documentary,Justin Krook,http://www.imdb.com/title/tt4679136/
Convenience,26/08/2016,2,Comedy,Keri Collins,http://www.imdb.com/title/tt2263210/
Veer!,28/08/2016,3,Comedy,Patrick Barry,http://www.imdb.com/title/tt1748280/
Jadoo,29/08/2016,3,Comedy,Amit Gupta,http://www.imdb.com/title/tt2180423/
Grind,9/9/2016,1,Adventure,Casey La Scala,http://www.imdb.com/title/tt0338077/
Gods and Generals,10/9/2016,2,Drama,Ronald F. Maxwell,http://gb.imdb.com/title/tt0279111/
Room,10/9/2016,3,Drama,Lenny Abrahamson,http://www.imdb.com/title/tt3170832/
Consumed,15/09/2016,2,Drama,Daryl Wein,http://www.imdb.com/title/tt3760966/
Sample This, 16/09/2016,3,Documentary,Dan Forrer,http://www.imdb.com/title/tt2407418/
Into The Wild,17/09/2016,4,Biography,Sean Penn,http://www.imdb.com/title/tt0758758/
The Big Short, 22/09/2016,4,Drama,Adam McKay,http://www.imdb.com/title/tt1596363/
Blow Out,23/09/2016,3,Thriller,Brian De Palma,http://www.imdb.com/title/tt0082085/
Body Double,23/09/2016,2,Thriller,Brian De Palma,http://www.imdb.com/title/tt0086984/
The Crumbles,25/09/2016,3,Drama, Akira Boch ,http://www.imdb.com/title/tt2073672/
Tank Girl,30/09/2016,2,Action,Rachel Talalay,http://www.imdb.com/title/tt0114614/
Ashby,30/09/2016,2,Drama,Tony McNamara,http://www.imdb.com/title/tt3774466/
Trumbo,8/10/2016,4,Biography,Jay Roach,http://www.imdb.com/title/tt3203606/
Youth,8/10/2016,3,Drama,Paolo Sorrentino,http://www.imdb.com/title/tt3312830/
The Siege of Jadotville,9/10/2016,3,Drama,Richie Smyth,http://www.imdb.com/title/tt3922798/
Violet and Daisy,9/10/2016,3,Action,Geoffrey Fletcher,http://www.imdb.com/title/tt1634136/
Mascots,14/10/2016,3,Comedy,Christopher Guest,http://www.imdb.com/title/tt4936176/
Rob the Mob,15/10/2016,2,Crime,Raymond De Felitta,http://www.imdb.com/title/tt2481480/
Scoop,15/10/2016,2,Comedy,Woody Allen,http://www.imdb.com/title/tt0457513/
Source Code,16/10/2016,3,Sci-Fi,Duncan Jones,http://www.imdb.com/title/tt0945513/
Man vs Snake: The Long and Twisted Tale of Nibbler,20/10/2016,2,Documentary,"Tim Kinzy, Andrew Seklir",http://www.imdb.com/title/tt2933794/
Black Mirror,24/10/2016,4,Sci-Fi,Charlie Brooker,http://www.imdb.com/title/tt2085059/
Filth,2/11/2016,3,Comedy,Jon S. Baird,http://www.imdb.com/title/tt1450321/
It Follows,4/11/2016,3,Horror,David Robert Mitchell,http://www.imdb.com/title/tt3235888/
They Live,5/11/2016,3,Sci-Fi,John Carpenter,http://www.imdb.com/title/tt0096256/
High Rise,30/11/2016,3,Drama,Ben Wheatley,http://www.imdb.com/title/tt0462335/
My Scientology Movie,7/12/2016,3,Documentary,John Dower,http://www.imdb.com/title/tt5111874/
Startup,8/12/2016,3,Crime,Ben Ketai,http://www.imdb.com/title/tt5028002/
The Hateful Eight,9/12/2016,4,Drama,Quentin Tarantino,http://www.imdb.com/title/tt3460252/
Rogue One: A Star Wars Story,15/12/2016,4,Sci-Fi,Gareth Edwards,http://www.imdb.com/title/tt3748528/
Designated Survivor,16/12/2016,3,Drama,David Guggenheim,http://www.imdb.com/title/tt5296406/
The OA, 17/12/2016,3,Drama,"Zal Batmanglij, Brit Marling",http://www.imdb.com/title/tt4635282/
It's a Wonderful Life,25/12/2016,4,Drama,Frank Capra,http://www.imdb.com/title/tt0038650/
When Marnie Was There,26/12/2016,3,Animation,Hiromasa Yonebayashi,http://www.imdb.com/title/tt3398268/
Orange Sunshine,28/12/2016,2,Documentary,William A. Kirkley,http://www.imdb.com/title/tt5119260/
Minimalism: A Documentary About the Important Things,28/12/2016,3,Documentary,Matt D'Avella,http://www.imdb.com/title/tt3810760/
The Art of the Steal,28/12/2016,2,Drama,Jonathan Sobol,http://www.imdb.com/title/tt2172985/
Extremely Loud and Incredibly Close,28/12/2016,3,Drama,Stephen Daldry,http://www.imdb.com/title/tt0477302/
Our Kind of Traitor,30/12/2016,2,Crime,Susanna White,http://www.imdb.com/title/tt1995390
The Beatles: Eight Days a Week - The Touring Years,30/12/2016,3,Documentary,Ron Howard,http://www.imdb.com/title/tt2531318/
Flash of Genius,1/1/2015,3,Biography,Marc Abraham,http://www.imdb.com/title/tt1054588/ 
Barry Lyndon,2/1/2015,5,Drama,Stanley Kubrick,http://www.imdb.com/title/tt0072684/
Boardwalk Empire Season 3,2/1/2015,4,Drama,Various,http://www.imdb.com/title/tt0979432/
The Inbetweeners 2,3/1/2015,2,Comedy,"Damon Beesley,Iain Morris",http://www.imdb.com/title/tt3097204/
Trap for Cinderella,9/1/2015,2,Crime,Iain Softley,http://www.imdb.com/title/tt1766175/
I Knew It Was You: Rediscovering John Cazale,21/01/2015,3,Documentary,Richard Shepard,http://www.imdb.com/title/tt1352717/
The Conversation,22/01/2015,3,Drama,Francis Ford Coppola,http://www.imdb.com/title/tt0071360/
Lucy,24/01/2015,2,Action,Luc Besson,http://www.imdb.com/title/tt2872732/
Donnie Brasco,25/01/2015,3,Biography,Mike Newell,http://www.imdb.com/title/tt0119008/
Halt and Catch Fire, 27/01/2015,4,Drama,"Christopher Cantwell, Christopher C. Rogers",http://www.imdb.com/title/tt2543312/
Maps to the Stars, 31/01/2015,3,Drama,David Cronenberg,http://www.imdb.com/title/tt2172584/
The Drop, 31/01/2015,3,Crime,Michaël R. Roskam,http://www.imdb.com/title/tt1600196/
Boyhood, 31/01/2015,4,Drama,Richard Linklater,http://www.imdb.com/title/tt1065073/
The East,5/2/2015,2,Drama,Zal Batmanglij,http://www.imdb.com/title/tt1869716/
Watchmen,7/2/2015,3,Action,Zack Snyder,http://www.imdb.com/title/tt0409459/
Whiplash,7/2/2015,4,Drama,Damien Chazelle,http://www.imdb.com/title/tt2582802/
The Internet's Own Boy: The Story of Aaron Swartz,8/2/2015,4,Documentary,Brian Knappenberger,http://www.imdb.com/title/tt3268458/
Soul Boys of the Western World,13/02/2015,3,Documentary,George Hencken,http://www.imdb.com/title/tt3636326/
The Infidel,14/02/2105,2,Comedy,Josh Appignanesi,http://www.imdb.com/title/tt1424003/
Grey Gardens,16/02/2015,3,Documentary,"Ellen Hovde, Albert Maysles, David Maysles, Muffie Meyer", http://www.imdb.com/title/tt0073076/
Starring Adam West,19/02/2015,1,Documentary,James E. Tooley,http://www.imdb.com/title/tt2719448/
Gone Girl,20/02/2015,3,Drama,David Fincher,http://www.imdb.com/title/tt2267998/
Bill Cunningham New York,21/02/2015,3,Documentary,Richard Press,http://www.imdb.com/title/tt1621444/
The Wee Man,21/02/2015,3,Crime,Ray Burdis,http://www.imdb.com/title/tt2113809/
The Imitation Game,22/02/2015,4,Biography,Morten Tyldum,http://www.imdb.com/title/tt2084970/
Tracks,26/02/2015,2,Biography,John Curran,http://www.imdb.com/title/tt2167266/
Birdman: Or (The Unexpected Virtue of Ignorance),27/02/2015,4,Comedy,Alejandro González Iñárritu,http://www.imdb.com/title/tt2562232/
Joy Division,27/02/2015,4,Documentary,Grant Gee,http://www.imdb.com/title/tt1097239/
Cuban Fury,28/02/2015,3,Comedy,James Griffiths,http://www.imdb.com/title/tt2390237/
Foxcatcher,28/02/2015,4,Biography,Bennett Miller,http://www.imdb.com/title/tt1100089/
Fury,13/03/2015,3,Action,David Ayer,http://www.imdb.com/title/tt2713180/
'71,14/03/2015,3,Action,Yann Demange,http://www.imdb.com/title/tt2614684/
The Hunger Games: Mockingjay - Part 1, 21/03/2015,2,Adventure, Francis Lawrence, http://www.imdb.com/title/tt1951265/
Houdini,21/03/2015,3,Biography,Uli Edel,http://www.imdb.com/title/tt3132738/
Rudderless,22/03/2015,3,Drama,William H. Macy,http://www.imdb.com/title/tt1798243/
Deceptive Practice: The Mysteries and Mentors of Ricky Jay,26/03/2015,3,Documentary,Molly Bernstein,http://www.imdb.com/title/tt2654360/
Zach Galifianakis: Live at the Purple Onion,28/03/2015,2,Documentary,Michael Blieden,http://www.imdb.com/title/tt0804558/
American Sniper,29/03/2015,4,Biography,Clint Eastwood,http://www.imdb.com/title/tt2179136/
Contraband,29/03/2015,3,Action,Baltasar Kormákur,http://www.imdb.com/title/tt1524137/   
"Deux jours, une nuit",30/03/2015,3,Drama,"Jean-Pierre Dardenne, Luc Dardenne",http://www.imdb.com/title/tt2737050/
Adult World,1/4/2015,1,Comedy,Scott Coffey,http://www.imdb.com/title/tt1067765/
Hitchcock,3/4/2015,3,Biography,Sacha Gervasi,http://www.imdb.com/title/tt0975645/
Atari: Game Over,3/4/2015,3,Documentary,Zak Penn,http://www.imdb.com/title/tt3715406/
The Riot Club,3/4/2015,2,Drama,Lone Scherfig,http://www.imdb.com/title/tt2717860/
Enemy,4/4/2015,2,Mystery,Denis Villeneuve,http://www.imdb.com/title/tt2316411/
Pride,5/4/2015,3,Comedy,Matthew Warchus,http://www.imdb.com/title/tt3169706/
The Expelled,6/4/2015,2,Horror,Johannes Roberts,http://www.imdb.com/title/tt1486670/
Mr. Turner, 10/04/2015,3,Biography,Mike Leigh,http://www.imdb.com/title/tt2473794/
Earth to Echo,12/4/2015,2,Sci-Fi,Dave Green,http://www.imdb.com/title/tt2183034/
The Notorious Mr. Bout,15/04/2015,2,Documentary,"Tony Gerber, Maxim Pozdorovkin",http://www.imdb.com/title/tt3460064/
Delivery Man,17/04/2015,2,Comedy,Ken Scott,http://www.imdb.com/title/tt2387559/
Discovering Electronic Music,17/04/2105,3,Documentary,Bernard Wilets,http://www.imdb.com/title/tt2784596/
Pompeii,18/04/2015,2,Action,Paul W.S. Anderson,http://www.imdb.com/title/tt1921064/
Bukowski: Born into This,18/04/2015,3,Documentary,John Dullaghan,http://www.imdb.com/title/tt0342150/
The Selfish Giant,27/04/2015,3,Drama,Clio Barnard,http://www.imdb.com/title/tt2304426/
Video Games: The Movie,30/04/2015,1,Documentary,Jeremy Snead,http://www.imdb.com/title/tt3214002/
Percy Jackson and the Olympians: The Lightning Thief,30/04/2015,2,Adventure,Chris Columbus,http://www.imdb.com/title/tt0814255/
God Help the Girl,1/5/2015,3,Drama,Stuart Murdoch,http://www.imdb.com/title/tt2141751/
St. Vincent,1/5/2015,3,Comedy,Theodore Melfi,http://www.imdb.com/title/tt2170593/
Stalingrad,6/5/2015,3,War,Fedor Bondarchuk,http://www.imdb.com/title/tt1966566/
The Box Trolls,9/5/2015,3,Animation,"Graham Annable, Anthony Stacchi",http://www.imdb.com/title/tt0787474/
Black Angel, 15/05/2015,3,Short,Roger Christian,http://www.imdb.com/title/tt0130508/
Inherent Vice,16/05/2015,3,Crime,Paul Thomas Anderson,http://www.imdb.com/title/tt1791528/
Horrible Bosses 2,16/05/2015,2,Comedy,Sean Anders,http://www.imdb.com/title/tt2170439/
Big Eyes,16/05/2015,3,Biography,Tim Burton,http://www.imdb.com/title/tt1126590/
Kingsman: The Secret Service,16/05/2015,3,Action,Matthew Vaughn,http://www.imdb.com/title/tt2802144/
Unbroken,16/05/2015,3,Biography,Angelina Jolie,http://www.imdb.com/title/tt1809398/
Jimi: All Is by My Side,21/05/2015,3, Biography,John Ridley,http://www.imdb.com/title/tt2402085/
Who the F**K Is Arthur Fogel,21/05/2015,2,Documentary,Ron Chapman,http://www.imdb.com/title/tt3479180/
All This Mayhem,21/05/2015,4,Documentary,Eddie Martin,http://www.imdb.com/title/tt2938416/
Ray Harryhausen: Special Effects Titan,22/05.2013,3,Documentary,Gilles Penso,http://www.imdb.com/title/tt1839590/
Mad Max: Fury Road, 22/05/2015,4,Action,George Miller,http://www.imdb.com/title/tt1392190/
Bande de filles,22/05/2015,3,Drama,Céline Sciamma,http://www.imdb.com/title/tt3655522/
Snowpiercer,22/05/2015,2,Action,Joon-ho Bong,http://www.imdb.com/title/tt1706620/
Das wilde Leben,22/05/2015,2,Biography,Achim Bornhak,http://www.imdb.com/title/tt0764639/
Tomorrowland,23/05/2015,3,Adventure,Brad Bird,http://www.imdb.com/title/tt1964418/
Ex Machina, 25/05/2015,4,Sci-Fi,Alex Garland,http://www.imdb.com/title/tt0470752/
The Gambler,25/05/2015,2,Drama,Rupert Wyatt,http://www.imdb.com/title/tt2039393/
Good Ol' Freda,29/05/2015,2,Biography,Ryan White,http://www.imdb.com/title/tt2505938/
Easy Money II: Hard to Kill,29/05/2015,3,Crime,Babak Najafi,http://www.imdb.com/title/tt1588342/
The Great Gatsby,4/6/2015,3,Drama,Baz Luhrmann,http://www.imdb.com/title/tt1343092/
Rome,5/6/2015,3,Drama,"William J. MacDonald, John Milius",http://www.imdb.com/title/tt0384766/
Jurassic World,12/6/2015,3,Action,Colin Trevorrow,http://www.imdb.com/title/tt0369610/
Pimp,12/6/2015,1,Thriller,Robert Cavanah,http://www.imdb.com/title/tt1460643/
A Good Day to Die Hard, 13/06/2015,2,Action,John Moore,http://www.imdb.com/title/tt1606378/
Austin to Boston,14/06/2015,3,Documentary,James Marcus Haney,http://www.imdb.com/title/tt3722248/
Palo Alto,19/06/2015,2,Drama,Gia Coppola,http://www.imdb.com/title/tt2479800/
Private Parts,30/06/2015,2,Biography,Betty Thomas,http://www.imdb.com/title/tt0119951/
Black Rock,1/7/2015,1,Horror,Katie Aselton,http://www.imdb.com/title/tt1930294/
Deadfall,3/7/2015,2,Drama,Stefan Ruzowitzky,http://www.imdb.com/title/tt1667310/
The Prince,4/7/2015,2,Action,Brian A Miller,http://www.imdb.com/title/tt1085492/
Hector and the Search for Happiness,16/07/2015,3,Comedy,Peter Chelsom,http://www.imdb.com/title/tt1626146/
Joy Division,17/07/2015,2,Drama,Reg Traviss,http://www.imdb.com/title/tt0462373/
American Grindhouse,18/07/2015,3,Documentary,Elijah Drenner,http://www.imdb.com/title/tt1307861/
Ghost Blues: The Story of Rory Gallagher,18/07/2015,3,Documentary,Ian Thuillier,http://www.imdb.com/title/tt4190952/
The 100-Year-Old Man Who Climbed Out the Window and Disappeared,23/07/2015,3,Comedy,Felix Herngren,http://www.imdb.com/title/tt2113681/
Pacific Rim,26/07/2015,3,Action,Guillermo del Toro,http://www.imdb.com/title/tt1663662/
Pain and Gain,26/07/2015,2,Comedy,Michael Bay,http://www.imdb.com/title/tt1980209/
Cry Baby: The Pedal that Rocks the World,28/07/2015,2,Documentary,"Max Baloian, Joey Tosi",http://www.imdb.com/title/tt1843884/
The Eichmann Show,29/07/2015,3,Drama,Paul Andrew Williams,http://www.imdb.com/title/tt4163668/
Star Wars: Episode V - The Empire Strikes Back,5/8/2015,4,Action,Irvin Kershner,http://www.imdb.com/title/tt0080684/
Paddington, 08/08/2015,3,Comedy, Paul King, http://www.imdb.com/title/tt1109624/
Man of Steel,14/08/2015,3,Action,Zack Snyder,http://www.imdb.com/title/tt0770828/
The Aviator, 17/08/2015,3,Biography,Martin Scorsese,http://www.imdb.com/title/tt0338751/
The Heart of Bruno Wizard,21/08/2015,3,Documentary,Elisabeth Rasmussen,http://www.imdb.com/title/tt4011090/
How to Sell a Banksy,21/08/2015,2,Documentary,"Christopher Thompson, Alper Cagatay",http://www.imdb.com/title/tt1865403/
Spike Island, 28/08/2015,2,Drama,Mat Whitecross,http://www.imdb.com/title/tt1827579/
Motivation 2: The Chris Cole Story,2/9/2015,3,Documentary,Adam Bhala Lough,http://www.imdb.com/title/tt4397414/
The F Word,6/9/2015,3,Comedy,Michael Dowse,http://www.imdb.com/title/tt1486834
Narcos,6/9/2015,3,Crime,"Chris Brancato, Carlo Bernard, Doug Miro, Paul Eckstein",http://www.imdb.com/title/tt2707408/
The Hobbit: The Battle of the Five Armies,7/9/2015,3,Adventure,Peter Jackson,http://www.imdb.com/title/tt2310332/
The Hundred-Foot Journey,8/9/2015,3,Comedy, Lasse Hallström,http://www.imdb.com/title/tt2980648/
Nas: Time Is Illmatic,12/9/2015,2,Documentary,One9,http://www.imdb.com/title/tt3549508/
Rubble Kings,18/09/2015,4,Documentary,Shan Nicholson,http://www.imdb.com/title/tt1730714/
Keith Richards: Under the Influence,18/09/2015,3,Documentary,Morgan Neville,http://www.imdb.com/title/tt4900018/
Narco Cultura,19/09/2015,3,Documentary,Shaul Schwarz,http://www.imdb.com/title/tt2504022/
Being Elmo: A Puppeteer's Journey,19/09/2015,3,Documentary,Constance Marks,http://www.imdb.com/title/tt1787660/
The Young and Prodigious T.S. Spivet,25/09/2015,3,Adventure,Jean-Pierre Jeunet,http://www.imdb.com/title/tt1981107/
A Most Violent Year,25/09/2015,3,Crime,J.C. Chandor,http://www.imdb.com/title/tt2937898/
The Wolverine,8/10/2015,3,Action,James Mangold,http://www.imdb.com/title/tt1430132/
The Martian,11/10/2015,4,Sci-fi,Ridley Scott,http://www.imdb.com/title/tt3659388/
Nightcrawler,16/10/2015,3,Crime,Dan Gilroy,http://www.imdb.com/title/tt2872718/
Hill Street,17/10/2015,3,Documentary,Jj Rolfe,http://www.imdb.com/title/tt2309991/
Runner Runner,24/10/2015,2,Crime,Brad Furman,http://www.imdb.com/title/tt2364841/
Mr.Robot,24/10/2015,4,Crime,Sam Esmail,http://www.imdb.com/title/tt4158110/
Blue Jasmine,25/10/2015,2,Drama,Woody Allen,http://www.imdb.com/title/tt2334873/
Suffragette,26/10/2015,3,Drama,Sarah Gavron,http://www.imdb.com/title/tt3077214/
From Bedrooms to Billions,27/10/2015,4,Documentary,"Anthony Caulfield, Nicola Caulfield",http://www.imdb.com/title/tt2404567/
Art & Copy,2/11/2015,3,Documentary,Doug Pray,http://www.imdb.com/title/tt1333631/
I Am Ali,6/11/2015,4,Documentary,Clare Lewins,http://www.imdb.com/title/tt4008652/
Beasts of No Nation,7/11/2015,4,Drama,Cary Joji Fukunaga,http://www.imdb.com/title/tt1365050/
Ant-Man,14/11/2015,3,Action,Peyton Reed,http://www.imdb.com/title/tt0478970/
The End of the Tour,14/11/2015,3,Drama,James Ponsoldt,http://www.imdb.com/title/tt3416744/
Amy,14/11/2015,2,Documentary,Asif Kapadia,http://www.imdb.com/title/tt2870648/
Southpaw,14/11/2015,3,Drama,Antoine Fuqua,http://www.imdb.com/title/tt1798684/
Entourage,14/11/2015,2,Comedy,Doug Ellin,http://www.imdb.com/title/tt1674771/
The Wolfpack,15/11/2015,3,Documentary,Crystal Moselle,http://www.imdb.com/title/tt2415458/
Unfinished Business,20/11/2015,1,Comedy,Ken Scott,http://www.imdb.com/title/tt2358925/
Evolution,21/11/2015,2,Comedy,Ivan Reitman,http://www.imdb.com/title/tt0251075/
Jessica Jones,23/11/2015,3,Action,Melissa Rosenberg,http://www.imdb.com/title/tt2357547/
Listen to Me Marlon,23/11/2015,3,Documentary,Stevan Riley,http://www.imdb.com/title/tt4145178/
Spy,25/11/2015,2,Action,Paul Feig,http://www.imdb.com/title/tt3079380/
Ted 2,25/11/2015,2,Comedy,Seth MacFarlane,http://www.imdb.com/title/tt2637276/
Pixels, 25/11/2015,3,Comedy,Chris Columbus,http://www.imdb.com/title/tt2120120/
Cocaine Cowboys,28/11/2015,3,Documentary,Billy Corben,http://www.imdb.com/title/tt0380268/
Keep on Keepin' On,29/11/2015,3,Documentary,Alan Hicks,http://www.imdb.com/title/tt2674040/
The Gunman,4/12/2015,2,Action,Pierre Morel,http://www.imdb.com/title/tt2515034/
Don Jon,5/12/2015,2,Comedy,Joseph Gordon-Levitt,http://www.imdb.com/title/tt2229499/
Lords of Dogtown,6/12/2015,3,Biography,Catherine Hardwicke,http://www.imdb.com/title/tt0355702/
Motivation 2: The Chris Cole Story,7/12/2015,3,Documentary,Adam Bhala Lough,http://www.imdb.com/title/tt4397414/
The Counselor,10/12/2015,2,Crime,Ridley Scott,http://www.imdb.com/title/tt2193215/
The Ridiculous 6,12/12/2015,1,Comedy,Frank Coraci,http://www.imdb.com/title/tt2479478/
Star Wars: The Force Awakens,17/12/2015,4,Action,J.J. Abrams,http://www.imdb.com/title/tt2488496/
Dealer,17/12/2015,2,Crime,Jean Luc Herbulot,http://www.imdb.com/title/tt3670826/
Wild Card,17/12/2015,2,Action,Simon West,http://www.imdb.com/title/tt2231253/
Old Boy,18/12/2015,2,Drama,Spike Lee,http://www.imdb.com/title/tt1321511/
The Watchmaker's Apprentice,19/12/2015,3,Documentary,David Armstrong,http://www.imdb.com/title/tt2958390/
Yves Saint Laurent,28/12/2015,3,Biography,Jalil Lespert,http://www.imdb.com/title/tt2707858/
Beltracchi: The Art of Forgery,29/12/2015,3,Documentary,Arne Birkenstock,http://www.imdb.com/title/tt3212568/
X+Y,29/12/2015,3,Drama,Morgan Matthew,http://www.imdb.com/title/tt3149038/
Star Wars: The Force Awakens,30/12/2015,4,Action,J.J. Abrams,http://www.imdb.com/title/tt2488496/
Barry Lyndon,1/1/2014,5,Drama,Stanley Kubrick,http://www.imdb.com/title/tt0072684/
Beware of Mr Baker,3/1/2014,4,Documentary,Jay Bulger,http://www.imdb.com/title/tt1931388/
Papadopoulos & Sons,4/1/2014,2,Drama,Marcus Markou,http://www.imdb.com/title/tt2006810/
Irvine Welsh's Ecstasy,5/1/2014,2,Drama,Rob Heydon,http://www.imdb.com/title/tt1809287/
Hummingbird,6/1/2014,3,Drama,Steven Knight,http://www.imdb.com/title/tt1893256/
Stolen,8/1/2014,2,Action,Simon West,http://www.imdb.com/title/tt1656186/
Weekender,8/1/2014,1,Drama,Karl Golden,http://www.imdb.com/title/tt1706470/
Lovelace,9/1/2014,2,Drama,"Rob Epstein, Jeffrey Friedman",http://www.imdb.com/title/tt1426329/
The Rise and Fall of a White Collar Hooligan,10/1/2014,1,Drama,Paul Tanter,http://www.imdb.com/title/tt2121377/
Killing Bono,11/1/2014,3,Comedy,Nick Hamm,http://www.imdb.com/title/tt1535101/
The Iceman,13/01/2014,3,Biography,Ariel Vromen,http://www.imdb.com/title/tt1491044/
Dragonslayer,14/01/2014,2,Documentary,Tristan Patterson,http://www.imdb.com/title/tt1633989/
The House I Live In,15/01/2014,3,Documentary,Eugene Jarecki,http://www.imdb.com/title/tt2125653/
Bachelorette,17/01/2014,2,Drama,Leslye Headland,http://www.imdb.com/title/tt1920849/
Ordinary Decent Criminal,17/01/2014,1,Crime,Thaddeus O'Sullivan,http://www.imdb.com/title/tt0160611/
Anton Corbijn Inside Out,21/01/2014,2,Documentary,Klaartje Quirijns,http://www.imdb.com/title/tt2101314/
Fast Times at Ridgemont High,22/01/2014,3,Comedy,Amy Heckerling,http://www.imdb.com/title/tt0083929/
Taking Woodstock,23/01/2014,2,Comedy,Ang Lee,http://www.imdb.com/title/tt1127896/
Hansel & Gretel: Witch Hunters,25/01/2014,3,Action,Tommy Wirkola,http://www.imdb.com/title/tt1428538
The Hobbit: An Unexpected Journey,26/01/2014,3,Adventure,Peter Jackson,http://www.imdb.com/title/tt0903624/
A Complete History of My Sexual Failures,28/01/2014,2,Documentary,Chris Waitt,http://www.imdb.com/title/tt1037033/
Pandora's Promise,29/01/2014,3,Documentary,Robert Stone,http://www.imdb.com/title/tt1992193/
Get Lucky,31/01/2014,2,Action,Sacha Bennett,http://www.imdb.com/title/tt2175669/
Quartet,4/2/2014,3,Drama,Dustin Hoffman,http://www.imdb.com/title/tt1441951/
Dallas Buyers Club,8/2/2014,4,Drama,Jean-Marc Vallée,http://www.imdb.com/title/tt0790636/
Movie 43,8/2/2014,1,Comedy,"Elizabeth Banks, Steven Brill",http://www.imdb.com/title/tt1333125
Punk's Not Dead,8/2/2014,3,Documentary,Susan Dynner,http://www.imdb.com/title/tt0350002/
Compliance,9/2/2014,3,Drama,Craig Zobel,http://www.imdb.com/title/tt1971352/
SLC Punk!,10/2/2014,2,Drama,James Merendino,http://www.imdb.com/title/tt0133189/
Our Idiot Brother,12/2/2014,2,Comedy,Jesse Peretz,http://www.imdb.com/title/tt1637706/
Filth,12/2/2014,3,Comedy,Jon S. Baird,http://www.imdb.com/title/tt1450321
Rushmore,14/02/2014,4,Comedy,Wes Anderson,http://www.imdb.com/title/tt0128445/
What The Future Sounded Like,15/02/2014,4,Documentary,Matthew Bate,http://www.imdb.com/title/tt1117541/
Riddick,22/02/2014,2,Sci-Fi,David Twohy,http://www.imdb.com/title/tt1411250/
Babylon A.D,22/02/2014,2,Action,Mathieu Kassovitz,http://www.imdb.com/title/tt0364970/
Rush,1/3/2014,3,Biography,Ron Howard,http://www.imdb.com/title/tt1979320/
Winning,1/3/2014,1,Action,James Goldstone,http://www.imdb.com/title/tt0065215/
Captain Phillips,6/3/2014,4,Biography,Paul Greengrass,http://www.imdb.com/title/tt1535109/
Thor - The Dark World,7/3/2014,2,Action,Alan Taylor,http://www.imdb.com/title/tt1981115/
MC5*: A True Testimonial,7/3/2014,3,Documentary,David C. Thomas,http://www.imdb.com/title/tt0333847/
Muscle Shoals,8/3/2014,3,Documentary,Greg 'Freddy’ Camalier,http://www.imdb.com/title/tt2492916/
Surfwise,8/3/2014,3,Documentary,Doug Pray,http://www.imdb.com/title/tt0479547/
Paul Williams Still Alive,9/3/2014,3,Documentary,Stephen Kessler,http://www.imdb.com/title/tt1956594/
Chasing Ice,9/3/2014,4,Documentary,Jeff Orlowski,http://www.imdb.com/title/tt1579361/
Revenge of the Electric Car,9/3/2014,3,Documentary,Chris Paine,http://www.imdb.com/title/tt1413496/
Bustin' Down the Door,9/3/2014,3,Documentary,Jeremy Gosch,http://www.imdb.com/title/tt1129921/
Overnight,10/3/2014,2,Documentary,"Tony Montana, Mark Brian Smith",http://www.imdb.com/title/tt0390336/
The Hunger Games,11/3/2014,3,Adventure,Gary Ross,http://www.imdb.com/title/tt1392170/
We Are Legion: The Story of the Hacktivists,11/3/2014,3,Documentary,Brian Knappenberger,http://www.imdb.com/title/tt2177843/
Iron Man 2,12/3/2014,3,Action,"Jon Favreau, Kenneth Branagh",http://www.imdb.com/title/tt1228705/
The Hunter,12/3/2014,4,Drama,Daniel Nettheim,http://www.imdb.com/title/tt1703148/
Polisse,13/03/2014,3,Drama,Maïwenn,http://www.imdb.com/title/tt1661420/
Lee Daniels' The Butler,14/03/2014,3,Biography,Lee Daniels,http://www.imdb.com/title/tt1327773/
Hodejegerne,15/03/2014,3,Crime,Morten Tyldum,http://www.imdb.com/title/tt1614989/
Bottle Shock,15/03/2014,3,Drama,Randall Miller,http://www.imdb.com/title/tt0914797/
The Pixar Story,15/03/2014,2,Documentary,Leslie Iwerks, http://www.imdb.com/title/tt1059955/
Oldeuboi,16/03/2014,5,Drama,Chan-wook Park,http://www.imdb.com/title/tt0364569/
De rouille et d’os,16/03/2014,4,Drama,Jacques Audiard,http://www.imdb.com/title/tt2053425/
11.6,16/03/2014,3,Drama,Philippe Godeau,http://www.imdb.com/title/tt2655788/
The Sweeney,19/03/2014,2,Crime,Nick Love,http://www.imdb.com/title/tt0857190/
Jagten,19/03/2014,4,Drama,Thomas Vinterberg,http://www.imdb.com/title/tt2106476/
Serbuan maut,19/03/2014,3,Action,Gareth Evans,http://www.imdb.com/title/tt1899353/
Amour,19/03/2014,3,Drama,Michael Haneke,http://www.imdb.com/title/tt1602620/
Life's a Breeze,20/03/2014,2,Comedy,Lance Daly,http://www.imdb.com/title/tt2132374/
The Avengers,20/03/2014,3,Action,Joss Whedon,http://www.imdb.com/title/tt0848228/
High Fidelity,20/03/2014,3,Comedy,Stephen Frears,http://www.imdb.com/title/tt0146882/
Last Days Here,21/03/2014,2,Documentary,"Don Argott, Demian Fenton",http://www.imdb.com/title/tt1723126/
The Bling Ring,22/03/2014,2,Biography,Sofia Coppola,http://www.imdb.com/title/tt2132285/
Dead in France,22/03/2014,1,Crime,Kris McManus,http://www.imdb.com/title/tt1716739/
Svartur á leik,23/03/2014,3,Crime,Óskar Thór Axelsson,http://www.imdb.com/title/tt1860181/
Le premier jour du reste de ta vie,23/03/2014,3,Drama,Rémi Bezançon,http://www.imdb.com/title/tt0926759/
Ginger and Rosa,24/03/2014,3,Drama,Sally Potter,http://www.imdb.com/title/tt2115295/
The Expendables 2,24/03/2014,1,Action,Simon West,http://www.imdb.com/title/tt1764651/
The Broken Circle Breakdown,25/03/2014,4,Drama,Felix van Groeningen,http://www.imdb.com/title/tt2024519/
Awaydays,26/03/2014,3,Drama,Pat Holden,http://www.imdb.com/title/tt1137436/
Rise of the Footsoldier,26/03/2014,2,Crime,Julian Gilbey,http://www.imdb.com/title/tt0901507/
Cass,27/03/2014,3,Biography,Jon S. Baird,http://www.imdb.com/title/tt0954981/
The Darkest Hour,27/03/2014,1,Action,Chris Gorak,http://www.imdb.com/title/tt1093357/
The Descendants,27/03/2014,3,Drama,Alexander Payne,http://www.imdb.com/title/tt1033575/
Sunshine on Leith,27/03/2014,2,Musical,Dexter Fletcher,http://www.imdb.com/title/tt2481198/
Jackie Brown,28/03/2014,3,Crime,Quentin Tarantino,http://www.imdb.com/title/tt0119396/
Rambo,28/03/2014,2,Action,Sylvester Stallone,http://www.imdb.com/title/tt0462499/
Once,28/03/2014,3,Drama,John Carney,http://www.imdb.com/title/tt0907657/
The Lone Ranger,29/03/2014,3,Action,Gore Verbinski,http://www.imdb.com/title/tt1210819/
God Bless America,29/03/2014,2,Comedy,Bobcat Goldthwait,http://www.imdb.com/title/tt1912398/
The Newton Boys,29/03/2014,2,Crime,Richard Linklater,http://www.imdb.com/title/tt0120769/
Midnight in Paris,29/03/2014,3,Comedy,Woody Allen,http://www.imdb.com/title/tt1605783/
Frozen,1/4/2014,3,Animation,"Chris Buck, Jennifer Lee",http://www.imdb.com/title/tt2294629/
Ender’s Game,4/4/2014,3,Sci-Fi,Gavin Hood,http://www.imdb.com/title/tt1731141/
The Rise,5/4/2014,3,Crime,Rowan Athale,http://www.imdb.com/title/tt1981140/
The Hunger Games: Catching Fire,5/4/2014,3,Adventure,Francis Lawrence,http://www.imdb.com/title/tt1951264/
Elfie Hopkins: Cannibal Hunter,6/4/2014,2,Horror,Ryan Andrews,http://www.imdb.com/title/tt1470022/
Romper Stomper,6/4/2014,3,Drama,Geoffrey Wright,http://www.imdb.com/title/tt0105275/
True Detective,11/4/2014,5,Crime,Nic Pizzolatto,http://www.imdb.com/title/tt2356777/
Snabba Cash,12/4/2014,3,Crime,Daniel Espinosa,http://www.imdb.com/title/tt1291652/
The Cabin in the Woods,12/4/2014,3,Horror,Drew Goddard,http://www.imdb.com/title/tt1259521/
Prisoners,13/04/2014,3,Drama,Denis Villeneuve,http://www.imdb.com/title/tt1392214/
The Shining,17/04/2014,5,Horror,Stanley Kubrick,http://www.imdb.com/title/tt0081505/
Full Metal Jacket,18/04/2014,4,Drama,Stanley Kubrick,http://www.imdb.com/title/tt0093058/
Wanderlust,18/04/2014,2,Comedy,David Wain,http://www.imdb.com/title/tt1655460/
The Family,18/04/2014,2,Comedy,Luc Besson,http://www.imdb.com/title/tt2404311/
Blue Is the Warmest Color,19/04/2014,4,Drama,Abdellatif Kechiche,http://www.imdb.com/title/tt2278871/
Foxfire,26/04/2014,2,Drama,Laurent Cantet,http://www.imdb.com/title/tt1772270/
Mongol: The Rise of Genghis Khan,3/5/2014,3,Drama,Sergey Bodrov,http://www.imdb.com/title/tt0416044/
Homefront,3/5/2014,2,Action,Gary Fleder,http://www.imdb.com/title/tt2312718/
Star Wars: Episode IV - A New Hope,4/5/2014,4,Action,George Lucas,http://www.imdb.com/title/tt0076759/
The Wind Rises,10/5/2014,4,Animation,Hayao Miyazaki,http://www.imdb.com/title/tt2013293/
Ponyo,11/5/2014,3,Animation,Hayao Miyazaki,http://www.imdb.com/title/tt0876563/
All Is Lost,17/05/2014,3,Drama,J.C. Chandor,http://www.imdb.com/title/tt2017038/
I Dream of Wires,1/5/2014,3,Documentary,Robert Fantinatto,http://www.imdb.com/title/tt3636334/
The Wolf of Wall Street,6/6/2014,3,Biography,Martin Scorsese,http://www.imdb.com/title/tt0993846/
The Monuments Men,20/06/2014,3,Biography,George Clooney,http://www.imdb.com/title/tt2177771/
Cleanskin,20/06/2014,3,Drama,Hadi Hajaig,http://www.imdb.com/title/tt1598873/
The Horseman,21/06/2014,2,Drama,Steven Kastrissios,http://www.imdb.com/title/tt1060255/
Fast Girls,27/06/2014,2,Drama,Regan Hall,http://www.imdb.com/title/tt1700808/
Outlander,28/06/2014,2,Sci-Fi,Howard McCain,http://www.imdb.com/title/tt0462465/
American Hustle,29/06/2014,4,Crime,David O. Russell,http://www.imdb.com/title/tt1800241/
Anchorman 2: The Legend Continues,29/06/2014,2,Comedy,Adam McKay,http://www.imdb.com/title/tt1229340/
A Fantastic Fear of Everything,3/7/2014,2,Comedy,Crispian Mills,http://www.imdb.com/title/tt2006040/
The Heat,5/7/2014,3,Comedy,Paul Feig,http://www.imdb.com/title/tt2404463/
Battleship,6/7/2014,2,Sci-Fi,Peter Berg,http://www.imdb.com/title/tt1440129/
Elysium,9/7/2014,3,Sci-Fi,Neill Blomkamp,http://www.imdb.com/title/tt1535108/
This Means War,12/7/2014,2,Action,McG,http://www.imdb.com/title/tt1596350/
Don't Worry About Me,14/07/2014,2,Drama,David Morrissey,http://www.imdb.com/title/tt1120920/
The Fifth Estate,25/07/2014,3,Drama,Bill Condon,http://www.imdb.com/title/tt1837703/
47 Ronin,31/07/2014,2,Action,Carl Rinsch,http://www.imdb.com/title/tt1335975/
Jack Ryan: Shadow Recruit,1/8/2014,2,Action,Kenneth Branagh,http://www.imdb.com/title/tt1205537/
Rush: Beyond the Lighted Stage,1/8/2014,3,Documentary,"Sam Dunn, Scot McFadyen",http://www.imdb.com/title/tt1545103/
Mayor of the Sunset Strip,2/8/2014,3,Documentary,George Hickenlooper,http://www.imdb.com/title/tt0230512/
Inside Llewyn Davis,6/8/2014,3,Drama,"Ethan Coen, Joel Coen",http://www.imdb.com/title/tt2042568/
Marley,7/8/2014,3,Documentary,Kevin Macdonald,http://www.imdb.com/title/tt1183919/
Downloaded,9/8/2014,3,Documentary,Alex Winter,http://www.imdb.com/title/tt2033981/
Something Ventured,10/8/2014,3,Documentary,"Daniel Geller, Dayna Goldfine",http://www.imdb.com/title/tt1737747/
Last Vegas,19/08/2014,2,Comedy,Jon Turteltaub,http://www.imdb.com/title/tt1204975/ 
Labor Day,20/08/2014,3,Drama,Jason Reitman,http://www.imdb.com/title/tt1967545/
Mirage Men,21/08/2014,2,Documentary,"John Lundberg, Roland Denning",http://www.imdb.com/title/tt2254010/
12 Years a Slave,24/08/2014,3,Biography,Steve McQueen,http://www.imdb.com/title/tt2024544/
Dances with Wolves,25/08/2014,3,Adventure ,Kevin Costner,http://www.imdb.com/title/tt0099348/
Rien Ne Va Plus,25/08/2014,2,Comedy,Claude Chabrol,http://www.imdb.com/title/tt0120018/
Coast Modern,26/08/2014,4,Documentary,"Mike Bernard, Gavin Froome",http://www.imdb.com/title/tt1978418/
Her,27/08/2014,4,Drama,Spike Jonze,http://www.imdb.com/title/tt1798709/
Noah,5/9/2014,2,Action,Darren Aronofsky,http://www.imdb.com/title/tt1959490/
Tim's Vermeer,21/09/2014,3,Documentary,Teller,http://www.imdb.com/title/tt3089388/
"I, Frankenstein",25/09/2014,2,Action,Stuart Beattie,http://www.imdb.com/title/tt1418377/
The Million Dollar Arm,4/10/2014,3,Biography,Craig Gillespie,http://www.imdb.com/title/tt1647668/
Frank,4/10/2014,3,Comedy,Lenny Abrahamson,http://www.imdb.com/title/tt1605717/
22 Jump Street,4/10/2014,2,Comedy,Phil Lord,http://www.imdb.com/title/tt2294449/
Neighbours,4/10/2014,2,Comedy,Nicholas Stoller,http://www.imdb.com/title/tt2004420/
Chef,4/10/2014,3,Comedy,Jon Favreau,http://www.imdb.com/title/tt2883512/
Big Star: Nothing Can Hurt Me,11/10/2014,4,Documentary,"Drew DeNicola, Olivia Mori",http://www.imdb.com/title/tt2290151/
The Punk Singer,12/10/2014,3,Documentary,Sini Anderson,http://www.imdb.com/title/tt1785612/
A Band Called Death,13/10/2014,3,Documentary,"Mark Christopher Covino, Jeff Howlett",http://www.imdb.com/title/tt2064713/
Jiro Dreams of Sushi,13/10/2014,4,Documentary,David Gelb,http://www.imdb.com/title/tt1772925/
Edge of Tomorrow,14/10/2014,4,Action,Doug Liman,http://www.imdb.com/title/tt1631867/
Fading Gigolo,14/10/2014,3,Comedy,John Turturro,http://www.imdb.com/title/tt2258345/
The Shield,16/10/2014,4,Crime,Shawn Ryan,http://www.imdb.com/title/tt0286486/
Margin Call,23/10/2014,3,Drama, J.C. Chandor,http://www.imdb.com/title/tt1615147
Made in America, 24/10/2014,2,Documentary,Ron Howard,http://www.imdb.com/title/tt2366572/
Sunset Strip, 25/10/2014,3,Documentary,Hans Fjellestad,http://www.imdb.com/title/tt1542485/
Dom Hemingway,26/10/2014,3,Crime,Richard Shepard,http://www.imdb.com/title/tt2402105/
We Are The Best!,31/10/2014,3,Drama,Lukas Moodysson,http://www.imdb.com/title/tt2364975/
Bad Brains: A Band in DC,1/11/2014,3,Documentary,"Ben Logan, Mandy Stein",http://www.imdb.com/title/tt2243163/
Divergent, 02/11/2014,2,Action,Neil Burger,http://www.imdb.com/title/tt1840309/
Water For Elephants,7/11/2014,3,Drama,Francis Lawrence,http://www.imdb.com/title/tt1067583/
Northern Soul,8/11/2014,3,Drama,Elaine Constantine,http://www.imdb.com/title/tt1837613/
Supermensch: The Legend of Shep Gordon,8/11/2014,3,Documentary,"Beth Aala, Mike Myers",http://www.imdb.com/title/tt3074780/
Interstellar,10/11/2014,4,Sci-Fi,Christopher Nolan,http://www.imdb.com/title/tt0816692/
Blackfish,11/11/2014,3,Documentary,Gabriela Cowperthwaite,http://www.imdb.com/title/tt2545118/
Le Week-end,13/11/2014,3,Comedy,Roger Michell,http://www.imdb.com/title/tt2392326/
Under The Skin,14/11/2014,3,Sci-Fi,Jonathan Glazer,http://www.imdb.com/title/tt1441395/
A Long Way Down,15/11/2014,3,Comedy,Pascal Chaumeil,http://www.imdb.com/title/tt0458413/
Conan the Barbarian,15/11/2014,2,Action,Marcus Nispel,http://www.imdb.com/title/tt0816462/
Artifact,20/11/2014,2,Documentary,Jared Leto,http://www.imdb.com/title/tt2370718/
Transcendence,21/11/2014,2,Sci-Fi,Wally Pfister,http://www.imdb.com/title/tt2209764/ 
Don't Stop Believin': Everyman's Journey,2/12/2014,2,Documentary,Ramona S. Diaz,http://www.imdb.com/title/tt1308756/
Print the Legend,4/12/2014,2,Documentary,"Luis Lopez, J. Clay Tweel",http://www.imdb.com/title/tt3557464/
Frances Ha,5/12/2014,3,Comedy,Noah Baumbach,http://www.imdb.com/title/tt2347569/
Cutie and the Boxer,6/12/2014,3,Documentary,Zachary Heinzerling,http://www.imdb.com/title/tt2355540/
Milius,7/12/2014,3,Documentary,"Joey Figueroa, Zak Knutson",http://www.imdb.com/title/tt2370224/
The Double,7/12/2014,3,Drama,Richard Ayoade,http://www.imdb.com/title/tt1825157/
The Hobbit: The Desolation of Smaug,8/12/2014,3,Adventure,Peter Jackson,http://www.imdb.com/title/tt1170358/
The Frozen Ground,10/12/2014,2,Crime,Scott Walker,http://www.imdb.com/title/tt2005374/
Violet and Daisy,12/12/2014,3,Action,Geoffrey Fletcher,http://www.imdb.com/title/tt1634136/
Scott Walker: 30 Century Man,13/12/2014,3,Documentary,Stephen Kijak,http://www.imdb.com/title/tt0486541/
Viva Joe Strummer: The Clash and Beyond,13/12/2014,2,Documentary,Mike Parkinson,http://www.imdb.com/title/tt0808531/
Guardians of the Galaxy,14/12/2014,3,Action,James Gunn,http://www.imdb.com/title/tt2015381/
RoboCop,19/12/2014,2,Action,José Padilha,http://www.imdb.com/title/tt1234721/
Marc Bolan: The Final Word,20/12/2014,1,Documentary,Mark Tinkler,http://www.imdb.com/title/tt1127851/
I'm Still Here,20/12/2014,2,Comedy,Casey Affleck,http://www.imdb.com/title/tt1356864/
Free To Play, 22/12/2014,3,Documentary,Valve,http://www.imdb.com/title/tt3203290/
Léon: The Professional,25/12/2014,5,Crime,Luc Besson,http://www.imdb.com/title/tt0110413/
Moon,25/12/2014,4,Sci-Fi,Duncan Jones,http://www.imdb.com/title/tt1182345/
The Shawshank Redemption,27/12/2014,5,Drama,Frank Darabont,http://www.imdb.com/title/tt0111161/
The Stag,27/12/2014,2,Comedy,John Butler,http://www.imdb.com/title/tt2573858/
Free Ride,28/12/2014,2,Drama,Shana Betz,http://www.imdb.com/title/tt1839482/
Begin Again,29/12/2014,3,Drama,John Carney,http://www.imdb.com/title/tt1980929/
Stalker,30/12/2014,4,Sci-Fi,Andrei Tarkovsky,http://www.imdb.com/title/tt0079944/
Locke,30/12/2014,3,Drama,Steven Knight,http://www.imdb.com/title/tt2692904/
Gold,30/12/2014,2,Drama,Niall Heery,http://www.imdb.com/title/tt3134422/
